,turbine_id,p_nom,0,0.5,1,1.5,2,2.5,3,3.5,4,4.5,5,5.5,6,6.5,7,7.5,8,8.5,9,9.5,10,10.5,11,11.5,12,12.5,13,13.5,14,14.5,15,15.5,16,16.5,17,17.5,18,18.5,19,19.5,20,20.5,21,21.5,22,22.5,23,23.5,24,24.5,25,25.5,26,source,modificationtimestamp
0,AAER A 70 1500,1500000,0.0,0.0,0.0,0.0,0.0,0.0,0.0,17000.0,34000.0,66500.0,99000.0,146000.0,193000.0,261000.0,329000.0,418000.0,507000.0,623000.0,739000.0,880000.0,1021000.0,1177500.0,1334000.0,1417000.0,1500000.0,1500000.0,1500000.0,1500000.0,1500000.0,1500000.0,1500000.0,1500000.0,1500000.0,1500000.0,1500000.0,1500000.0,1500000.0,1500000.0,1500000.0,1500000.0,1500000.0,1500000.0,1500000.0,1500000.0,1500000.0,1500000.0,1500000.0,1500000.0,1500000.0,1500000.0,1500000.0,0.0,,https://sam.nrel.gov/content/component-databases,21.11.13 11:43
1,AAER A 77 1500,1500000,0.0,0.0,0.0,0.0,0.0,0.0,0.0,20000.0,40000.0,79000.0,118000.0,175000.0,232000.0,313500.0,395000.0,501500.0,608000.0,747500.0,887000.0,1056000.0,1225000.0,1337500.0,1450000.0,1475000.0,1500000.0,1500000.0,1500000.0,1500000.0,1500000.0,1500000.0,1500000.0,1500000.0,1500000.0,1500000.0,1500000.0,1500000.0,1500000.0,1500000.0,1500000.0,1500000.0,1500000.0,,0.0,,0.0,,0.0,,0.0,,0.0,,,https://sam.nrel.gov/content/component-databases,21.11.13 11:43
2,AMERICAS WIND ENERGY AWE 52 900,900000,0.0,0.0,0.0,0.0,1000.0,4062.5,8000.0,18062.5,31000.0,47625.0,69000.0,93062.5,124000.0,156813.0,199000.0,241875.0,297000.0,349500.0,417000.0,474750.0,549000.0,622500.0,717000.0,742375.0,775000.0,796875.0,825000.0,846875.0,875000.0,885938.0,900000.0,900000.0,900000.0,900000.0,900000.0,900000.0,900000.0,900000.0,900000.0,900000.0,900000.0,900000.0,900000.0,900000.0,900000.0,900000.0,900000.0,900000.0,900000.0,900000.0,900000.0,0.0,,https://sam.nrel.gov/content/component-databases,21.11.13 11:43
3,AMERICAS WIND ENERGY AWE 54 900,900000,0.0,0.0,0.0,0.0,1000.0,4500.0,9000.0,19500.0,33000.0,50500.0,73000.0,99250.0,133000.0,168000.0,213000.0,258938.0,318000.0,374438.00000000006,447000.0,508250.0,587000.0,665750.0,767000.0,794125.0,829000.0,852625.0,883000.0,890438.0,900000.0,900000.0,900000.0,900000.0,900000.0,900000.0,900000.0,900000.0,900000.0,900000.0,900000.0,900000.0,900000.0,900000.0,900000.0,900000.0,900000.0,900000.0,900000.0,900000.0,900000.0,900000.0,900000.0,0.0,,https://sam.nrel.gov/content/component-databases,21.11.13 11:43
4,AN BONUS 31,300000,0.0,,0.0,,0.0,,0.0,,3900.0,,21700.0,,46000.0,,76300.0,,110600.0,,146900.0,,183700.0,,219200.0,,248500.0,,273800.0,,290400.0,,296900.0,,302300.0,,307000.0,,307300.0,,305000.0,,295000.0,,280000.0,,260000.0,,240000.0,,230000.0,,225000.0,0.0,,k.A.,21.11.13 11:43
5,AN BONUS 44,600000,0.0,,0.0,,0.0,,3900.0,,21200.0,,49300.0,,83200.0,,130699.99999999999,,202000.0,,280800.0,,361600.0,,433700.0,,498600.0,,548100.0,,577300.0,,596000.0,,610000.0,,606900.0,,593400.0,,571300.0,,545600.0,,524700.0,,510000.0,,500700.0,,478700.0,,457700.0,0.0,,k.A.,21.11.13 11:43
6,AN BONUS 54,1000000,0.0,,0.0,,0.0,,0.0,,24100.0,,69300.0,,130000.0,,219100.0,,333500.0,,463100.0,,598100.0,,730000.0,,846500.0,,928800.0,,972600.0,,990800.0,,997200.0,,999200.0,,999800.0,,999900.0,,1000000.0,,1000000.0,,1000000.0,,1000000.0,,1000000.0,,1000000.0,0.0,,http://www.inl.gov/wind/software/,21.11.13 11:43
7,AN BONUS 62,1300000,0.0,0.0,0.0,0.0,0.0,0.0,0.0,0.0,32000.0,57375.0,90000.0,125875.0,172000.0,221875.0,286000.0,353813.00000000006,441000.0,521500.0,625000.0,710313.0,820000.0,901375.0,1006000.0,1070310.0,1153000.0,1191500.0,1241000.0,1258060.0,1280000.0,1286130.0,1294000.0,1295750.0,1298000.0,1298880.0,1300000.0,1300000.0,1300000.0,1300000.0,1300000.0,1300000.0,1300000.0,1300000.0,1300000.0,1300000.0,1300000.0,1300000.0,1300000.0,1300000.0,1300000.0,1300000.0,1300000.0,0.0,,https://sam.nrel.gov/content/component-databases,21.11.13 11:43
8,AN BONUS 76,2000000,0.0,,0.0,,0.0,,0.0,,43000.0,,133000.0,,237000.0,,401000.0,,623000.0,,886000.0,,1190000.0,,1502000.0,,1740000.0,,1891000.0,,1962000.0,,1988000.0,,1996000.0,,1999000.0,,2000000.0,,2000000.0,,2000000.0,,2000000.0,,2000000.0,,2000000.0,,2000000.0,,2000000.0,0.0,,http://www.inl.gov/wind/software/,21.11.13 11:43
9,AN BONUS 82,2300000,0.0,,0.0,,0.0,,0.0,,52000.0,,148000.0,,288000.0,,476000.0,,729000.0,,1055000.0,,1419000.0,,1769000.0,,2041000.0,,2198000.0,,2267000.0,,2291000.0,,2298000.0,,2300000.0,,2300000.0,,2300000.0,,2300000.0,,2300000.0,,2300000.0,,2300000.0,,2300000.0,,2300000.0,0.0,,http://www.inl.gov/wind/software/,21.11.13 11:43
10,AREVA MULTIBRID M5000,5000000,0.0,0.0,0.0,0.0,0.0,0.0,0.0,0.0,50000.0,165000.0,280000.0,410000.0,540000.0,705000.0,870000.0,1102500.0,1335000.0,1630000.0,1925000.0,2270000.0,2615000.0,3115000.0,3615000.0,4205000.0,4795000.0,5000000.0,5000000.0,5000000.0,5000000.0,5000000.0,5000000.0,5000000.0,5000000.0,5000000.0,5000000.0,5000000.0,5000000.0,5000000.0,5000000.0,5000000.0,5000000.0,5000000.0,5000000.0,5000000.0,5000000.0,5000000.0,5000000.0,5000000.0,5000000.0,5000000.0,5000000.0,0.0,,https://sam.nrel.gov/content/component-databases,21.11.13 11:43
11,BARD VM 5.0,5000000,0.0,0.0,0.0,0.0,0.0,0.0,0.0,30000.0,60000.0,147500.0,235000.0,382500.0,530000.0,735000.0,940000.0,1205000.0,1470000.0,1882500.0,2295000.0,2692500.0,3090000.0,3545000.0,4000000.0,4440000.0,4880000.0,5000000.0,5000000.0,5000000.0,5000000.0,5000000.0,5000000.0,5000000.0,5000000.0,5000000.0,5000000.0,5000000.0,5000000.0,5000000.0,5000000.0,5000000.0,5000000.0,5000000.0,5000000.0,5000000.0,5000000.0,5000000.0,5000000.0,5000000.0,5000000.0,5000000.0,5000000.0,0.0,,https://sam.nrel.gov/content/component-databases,21.11.13 11:43
12,BWU 43,600000,,,,,,,,,,,,,,,,,,,,,,,,,,,,,,,,,,,,,,,,,,,,,,,,,,,,,,k.A.,21.11.13 11:43
13,BWU 48,600000,,,,,,,,,,,,,,,,,,,,,,,,,,,,,,,,,,,,,,,,,,,,,,,,,,,,,,k.A.,21.11.13 11:43
14,BWU 57,1050000,,,,,,,,,,,,,,,,,,,,,,,,,,,,,,,,,,,,,,,,,,,,,,,,,,,,,,k.A.,21.11.13 11:43
15,Clipper C 89,2500000,0.0,0.0,0.0,0.0,0.0,0.0,0.0,0.0,14890.0,53340.0,96540.0,149370.0,231140.0,312920.0,423620.0,529520.0,664350.0,808830.0,987060.0,1190000.0,1380000.0,1610000.0,1840000.0,2010000.0,2160000.0,2280000.0,2380000.0,2445000.0,2480000.0,2500000.0,2500000.0,2500000.0,2500000.0,2500000.0,2500000.0,2500000.0,2500000.0,2500000.0,2500000.0,2500000.0,2500000.0,2500000.0,2500000.0,2500000.0,2500000.0,2500000.0,2500000.0,2500000.0,2500000.0,2500000.0,2500000.0,0.0,,https://sam.nrel.gov/content/component-databases,21.11.13 11:43
16,Clipper C 93,2500000,0.0,0.0,0.0,0.0,0.0,0.0,0.0,0.0,24560.0,58170.0,111010.0,173490.0,255260.0,356320.0,462220.0,572930.0,717400.0,905290.0,1050000.0,1270000.0,1490000.0,1710000.0,1920000.0,2100000.0,2250000.0,2350000.0,2440000.0,2470000.0,2500000.0,2500000.0,2500000.0,2500000.0,2500000.0,2500000.0,2500000.0,2500000.0,2500000.0,2500000.0,2500000.0,2500000.0,2500000.0,2500000.0,2500000.0,2500000.0,2500000.0,2500000.0,2500000.0,2500000.0,2500000.0,2500000.0,2500000.0,0.0,,https://sam.nrel.gov/content/component-databases,21.11.13 11:43
17,Clipper C 96,2500000,0.0,0.0,0.0,0.0,0.0,0.0,0.0,0.0,24620.0,67810.0,120650.0,178310.0,264900.0,365970.0,481510.0,621160.0,760810.0,982450.0,1130000.0,1380000.0,1590000.0,1840000.0,2020000.0,2180000.0,2320000.0,2410000.0,2450000.0,2480000.0,2500000.0,2500000.0,2500000.0,2500000.0,2500000.0,2500000.0,2500000.0,2500000.0,2500000.0,2500000.0,2500000.0,2500000.0,2500000.0,2500000.0,2500000.0,2500000.0,2500000.0,2500000.0,2500000.0,2500000.0,2500000.0,2500000.0,2500000.0,0.0,,https://sam.nrel.gov/content/component-databases,21.11.13 11:43
18,Clipper C 99,2500000,0.0,0.0,0.0,0.0,0.0,0.0,0.0,0.0,24620.0,72640.0,135120.0,187960.0,289020.0,390080.0,510450.0,654920.0,809050.0,987270.0,1210000.0,1440000.0,1660000.0,1880000.0,2100000.0,2240000.0,2350000.0,2420000.0,2460000.0,2500000.0,2500000.0,2500000.0,2500000.0,2500000.0,2500000.0,2500000.0,2500000.0,2500000.0,2500000.0,2500000.0,2500000.0,2500000.0,2500000.0,2500000.0,2500000.0,2500000.0,2500000.0,2500000.0,2500000.0,2500000.0,2500000.0,2500000.0,2500000.0,0.0,,https://sam.nrel.gov/content/component-databases,21.11.13 11:43
19,# COMPOSITE IEC CLASS I,1500000,0.0,0.0,0.0,0.0,0.0,0.0,0.0,0.0,28500.0,65250.0,102000.0,156000.0,210000.0,282750.0,355500.0,452250.0,549000.0,666750.0,784500.0,918750.0,1053000.0,1168500.0,1284000.0,1359000.0,1434000.0,1457250.0,1480500.0,1485750.0,1491000.0,1494000.0,1497000.0,1497750.0,1498500.0,1499160.0,1499530.0,1500000.0,1500000.0,1500000.0,1500000.0,1500000.0,1500000.0,1500000.0,1500000.0,1500000.0,1500000.0,1500000.0,1500000.0,1500000.0,1500000.0,1500000.0,1500000.0,0.0,,https://sam.nrel.gov/content/component-databases,21.11.13 11:43
20,# COMPOSITE IEC CLASS II,1500000,0.0,0.0,0.0,0.0,0.0,0.0,0.0,0.0,42000.0,87000.0,132000.0,196500.0,261000.0,345750.0,430500.0,540750.0,651000.0,780750.0,910500.0,1038000.0,1165500.0,1261500.0,1357500.0,1407750.0,1458000.0,1473750.0,1489500.0,1493250.0,1497000.0,1498500.0,1500000.0,1500000.0,1500000.0,1500000.0,1500000.0,1500000.0,1500000.0,1500000.0,1500000.0,1500000.0,1500000.0,1500000.0,1500000.0,1500000.0,1500000.0,1500000.0,1500000.0,1500000.0,1500000.0,1500000.0,1500000.0,0.0,,https://sam.nrel.gov/content/component-databases,21.11.13 11:43
21,# COMPOSITE IEC CLASS III,1500000,0.0,0.0,0.0,0.0,0.0,0.0,9000.0,35250.0,61500.0,107250.0,153000.0,218250.0,283500.0,375000.0,466500.0,587250.0,708000.0,851250.0,994500.0,1125750.0,1257000.0,1338000.0,1419000.0,1449750.0,1480500.0,1488750.0,1497000.0,1497750.0,1498500.0,1499250.0,1500000.0,1500000.0,1500000.0,1500000.0,1500000.0,1500000.0,1500000.0,1500000.0,1500000.0,1500000.0,1500000.0,1500000.0,1500000.0,1500000.0,1500000.0,,0.0,,0.0,,0.0,,,https://sam.nrel.gov/content/component-databases,21.11.13 11:43
22,DEWIND D4 600,600000,0.0,,0.0,,0.0,,7000.0,,22000.0,,52000.0,,93000.0,,158000.0,,244000.0,,354000.0,,489000.0,,590000.0,,600000.0,,600000.0,,600000.0,,600000.0,,600000.0,,600000.0,,600000.0,,600000.0,,0.0,,0.0,,0.0,,0.0,,0.0,,0.0,,,http://www.inl.gov/wind/software/,21.11.13 11:43
23,DEWIND D6 1000,1000000,0.0,,0.0,,0.0,,12000.0,,34000.0,,80000.0,,158000.0,,271000.0,,413000.0,,586000.0,,781000.0,,971000.0,,1000000.0,,1000000.0,,1000000.0,,1000000.0,,1000000.0,,940000.0,,840000.0,,750000.0,,650000.0,,560000.0,,475000.0,,390000.0,0.0,0.0,,0.0,,,k.A.,21.11.13 11:43
24,DEWIND D8 2000,2000000,0.0,0.0,0.0,0.0,0.0,0.0,3626.6699999999996,10880.0,26750.0,50480.0,85970.0,141070.0,215770.0,298320.0,396560.0,518320.00000000006,655780.0,804990.0,965970.0,1150000.0,1350000.0,1540000.0,1700000.0,1810000.0,1900000.0,1950000.0,1990000.0,2000000.0,2000000.0,2000000.0,2000000.0,2000000.0,2000000.0,2000000.0,2000000.0,2000000.0,2000000.0,2000000.0,2000000.0,2000000.0,2000000.0,2000000.0,2000000.0,2000000.0,2000000.0,2000000.0,2000000.0,2000000.0,2000000.0,2000000.0,2000000.0,0.0,,https://sam.nrel.gov/content/component-databases,21.11.13 11:43
25,ENERCON E 101 3000,3000000,0.0,,0.0,,3000.0,,37000.0,,118000.0,,258000.0,,479000.0,,790000.0,,1200000.0,,1710000.0,,2340000.0,,2867000.0,,3034000.0,,3050000.0,,3050000.0,,3050000.0,,3050000.0,,3050000.0,,3050000.0,,3050000.0,,3050000.0,,3050000.0,,3050000.0,,3050000.0,,3050000.0,,3050000.0,0.0,,http://www.windenergie-im-binnenland.de,21.11.13 11:43
26,ENERCON E 112 4500,4500000,0.0,,0.0,,0.0,,38000.0,,135000.0,,301000.0,,561000.0,,933000.0,,1393000.0,,1983000.0,,2720000.0,,3540000.0,,4180000.0,,4450000.0,,4500000.0,,4500000.0,,4500000.0,,4500000.0,,4500000.0,,4500000.0,,4500000.0,,4500000.0,,4500000.0,,4500000.0,,4500000.0,,4500000.0,0.0,,http://www.windenergie-im-binnenland.de,21.11.13 11:43
27,ENERCON E 115 2500,2500000,0.0,,0.0,,3000.0,,48000.0,,153000.0,,335000.0,,620000.0,,1023000.0,,1530000.0,,2015000.0,,2350000.0,,2480000.0,,2500000.0,,2500000.0,,2500000.0,,2500000.0,,2500000.0,,2500000.0,,2500000.0,,2500000.0,,2500000.0,,2500000.0,,2500000.0,,2500000.0,,2500000.0,,2500000.0,0.0,,http://www.windenergie-im-binnenland.de,21.11.13 11:43
28,ENERCON E 126 7500,7500000,0.0,,0.0,,0.0,,55000.0,,175000.0,,410000.0,,760000.0,,1250000.0,,1900000.0,,2700000.0,,3750000.0,,4850000.0,,5750000.0,,6500000.0,,7000000.0,,7350000.0,,7500000.0,,7580000.0,,7580000.0,,7580000.0,,7580000.0,,7580000.0,,7580000.0,,7580000.0,,7580000.0,,7580000.0,0.0,,http://www.windenergie-im-binnenland.de,21.11.13 11:43
29,ENERCON E 30,300000,0.0,,0.0,,0.0,,3700.0,,10000.0,,21600.0,,38300.0,,62400.0,,93100.0,,132600.0,,181600.0,,230500.0,,269300.0,,290500.0,,300000.0,,300000.0,,300000.0,,300000.0,,300000.0,,300000.0,,300000.0,,300000.0,,300000.0,,300000.0,,300000.0,,300000.0,0.0,,k.A.,21.11.13 11:43
30,ENERCON E 33,330000,0.0,,0.0,,0.0,,5000.0,,13700.0,,30000.0,,55000.0,,92000.0,,138000.0,,196000.0,,250000.0,,292800.0,,320000.0,,335000.0,,335000.0,,335000.0,,335000.0,,335000.0,,335000.0,,335000.0,,335000.0,,335000.0,,335000.0,,335000.0,,335000.0,,335000.0,0.0,,k.A.,21.11.13 11:43
31,ENERCON E 40 500,500000,0.0,,0.0,,0.0,,4370.0,,18870.0,,40390.0,,88020.0,,112190.0,,165380.0,,236890.0,,328000.0,,396640.0,,465150.0,,495000.0,,500000.0,,500000.0,,500000.0,,500000.0,,500000.0,,500000.0,,500000.0,,500000.0,,500000.0,,500000.0,,500000.0,,500000.0,0.0,,k.A.,21.11.13 11:43
32,ENERCON E 40 600,600000,0.0,,0.0,,1700.0,,14740.0,,40800.0,,79640.0,,134800.0,,207100.0,,292600.0,,403400.0,,508100.0,,554600.0,,600000.0,,600000.0,,600000.0,,600000.0,,600000.0,,600000.0,,600000.0,,600000.0,,600000.0,,600000.0,,600000.0,,600000.0,,600000.0,,600000.0,0.0,,k.A.,21.11.13 11:43
33,ENERCON E 44 600,600000,,,,,,,,,,,,,,,,,,,,,,,,,,,,,,,,,,,,,,,,,,,,,,,,,,,,,,k.A.,21.11.13 11:43
34,ENERCON E 48 800,800000,0.0,,0.0,,2000.0,,12000.0,,32000.0,,66000.0,,120000.0,,191000.0,,284000.0,,405000.0,,555000.0,,671000.0,,750000.0,,790000.0,,810000.0,,810000.0,,810000.0,,810000.0,,810000.0,,810000.0,,810000.0,,810000.0,,810000.0,,810000.0,,810000.0,,810000.0,0.0,,k.A.,21.11.13 11:43
35,ENERCON E 53 800,800000,0.0,,0.0,,2000.0,,14000.0,,38000.0,,77000.0,,141000.0,,228000.0,,336000.0,,480000.0,,645000.0,,744000.0,,780000.0,,810000.0,,810000.0,,810000.0,,810000.0,,810000.0,,810000.0,,810000.0,,810000.0,,810000.0,,810000.0,,810000.0,,810000.0,,810000.0,0.0,,http://www.windenergie-im-binnenland.de,21.11.13 11:43
36,ENERCON E 58 1000,1000000,0.0,,0.0,,0.0,,4700.0,,28600.0,,72300.0,,140200.0,,233800.0,,381300.0,,545800.0,,725300.0,,905000.0,,987900.0,,1000000.0,,1000000.0,,1000000.0,,1000000.0,,1000000.0,,1000000.0,,1000000.0,,1000000.0,,1000000.0,,1000000.0,,1000000.0,,1000000.0,,1000000.0,0.0,,k.A.,21.11.13 11:43
37,ENERCON E 66 1500,1500000,0.0,,0.0,,1800.0,,30100.0,,89300.0,,173500.0,,296000.0,,445000.0,,652600.0,,877000.0,,1122000.0,,1247400.0,,1337800.0,,1468800.0,,1500000.0,,1500000.0,,1500000.0,,1500000.0,,1500000.0,,1500000.0,,1500000.0,,1500000.0,,1500000.0,,1500000.0,,1500000.0,,1500000.0,0.0,,k.A.,21.11.13 11:43
38,ENERCON E 66 1800,1800000,0.0,,0.0,,0.0,,7500.0,,48000.0,,104000.0,,200000.0,,340000.0,,515000.0,,748000.0,,1025000.0,,1348000.0,,1670000.0,,1760000.0,,1800000.0,,1800000.0,,1800000.0,,1800000.0,,1800000.0,,1800000.0,,1800000.0,,1800000.0,,1800000.0,,1800000.0,,1800000.0,,1800000.0,0.0,,k.A.,21.11.13 11:43
39,ENERCON E 66 2000,2000000,0.0,,0.0,,0.0,,0.0,,48000,,105000,,202000,,337000,,521000,,749000,,1021000,,1353000,,1703000,,1852000,,2005000,,2005000,,2005000,,2005000,,2005000,,2005000,,2005000,,2005000,,2005000,,2005000,,2005000,,2005000,,,,
40,ENERCON E 70 2000,2000000,0.0,,0.0,,2000.0,,18000.0,,56000.0,,127000.0,,240000.0,,400000.0,,626000.0,,892000.0,,1223000.0,,1590000.0,,1830000.0,,1950000.0,,2050000.0,,2050000.0,,2050000.0,,2050000.0,,2050000.0,,2050000.0,,2050000.0,,2050000.0,,2050000.0,,2050000.0,,2050000.0,,2050000.0,0.0,,http://www.windenergie-im-binnenland.de,21.11.13 11:43
41,ENERCON E 70 2300,2300000,0.0,,0.0,,2000.0,,18000.0,,56000.0,,127000.0,,240000.0,,400000.0,,626000.0,,892000.0,,1223000.0,,1590000.0,,1900000.0,,2080000.0,,2230000.0,,2300000.0,,2310000.0,,2310000.0,,2310000.0,,2310000.0,,2310000.0,,2310000.0,,2310000.0,,2310000.0,,2310000.0,,2310000.0,0.0,,http://www.windenergie-im-binnenland.de,21.11.13 11:43
42,ENERCON E 82 2000,2000000,0.0,,0.0,,3000.0,,25000.0,,82000.0,,174000.0,,321000.0,,532000.0,,815000.0,,1180000.0,,1580000.0,,1810000.0,,1980000.0,,2050000.0,,2050000.0,,2050000.0,,2050000.0,,2050000.0,,2050000.0,,2050000.0,,2050000.0,,2050000.0,,2050000.0,,2050000.0,,2050000.0,,2050000.0,0.0,,http://www.windenergie-im-binnenland.de,21.11.13 11:43
43,ENERCON E 82 2300,2300000,0.0,,0.0,,3000.0,,25000.0,,82000.0,,174000.0,,321000.0,,532000.0,,815000.0,,1180000.0,,1580000.0,,1890000.0,,2100000.0,,2250000.0,,2350000.0,,2350000.0,,2350000.0,,2350000.0,,2350000.0,,2350000.0,,2350000.0,,2350000.0,,2350000.0,,2350000.0,,2350000.0,,2350000.0,0.0,,http://www.windenergie-im-binnenland.de,21.11.13 11:43
44,ENERCON E 82 3000,3000000,0.0,,0.0,,3000.0,,25000.0,,82000.0,,174000.0,,321000.0,,525000.0,,800000.0,,1135000.0,,1510000.0,,1880000.0,,2200000.0,,2480000.0,,2770000.0,,2850000.0,,2910000.0,,3000000.0,,3020000.0,,3020000.0,,3020000.0,,3020000.0,,3020000.0,,3020000.0,,3020000.0,,3020000.0,0.0,,http://www.windenergie-im-binnenland.de,21.11.13 11:43
45,ENERCON E 92 2300,2300000,0.0,,0.0,,3600.0,,29900.0,,98200.0,,208300.0,,384300.0,,637000.0,,975800.0,,1403600.0,,1817800.0,,2088699.9999999998,,2237000.0,,2300000.0,,2350000.0,,2350000.0,,2350000.0,,2350000.0,,2350000.0,,2350000.0,,2350000.0,,2350000.0,,2350000.0,,2350000.0,,2350000.0,,2350000.0,0.0,,http://www.windenergie-im-binnenland.de,21.11.13 11:43
46,ENO 82,2000000,0.0,,0.0,,0.0,,5000.0,,50000.0,,139000.0,,280000.0,,477000.0,,766000.0,,1048000.0,,1347000.0,,1645000.0,,1943000.0,,2031000.0,,2050000.0,,2050000.0,,2050000.0,,2050000.0,,2050000.0,,2050000.0,,2050000.0,,2050000.0,,2050000.0,,2050000.0,,2050000.0,,2050000.0,0.0,,k.A.,21.11.13 11:43
47,ENO 92,2200000,,,,,,,,,,,,,,,,,,,,,,,,,,,,,,,,,,,,,,,,,,,,,,,,,,,,,,k.A.,21.11.13 11:43
48,FRISIA F 48,750000,0.0,,0.0,,0.0,,0.0,,13000.0,,45400.0,,90200.0,,150100.0,,231200.0,,335800.0,,454800.0,,585200.0,,712800.0,,750000.0,,750000.0,,750000.0,,750000.0,,750000.0,,750000.0,,750000.0,,750000.0,0.0,0.0,,0.0,,0.0,,0.0,,0.0,,,k.A.,21.11.13 11:43
49,FRISIA F 56,850000,0.0,,0.0,,0.0,,0.0,,22900.0,,67100.0,,121900.0,,213700.0,,326700.0,,466100.0,,629600.0,,831900.0,,850000.0,,850000.0,,850000.0,,850000.0,,850000.0,,850000.0,,850000.0,,850000.0,,850000.0,0.0,0.0,,0.0,,0.0,,0.0,,0.0,,,k.A.,21.11.13 11:43
50,FUHRLÄNDER FL 100 2500,2500000,0.0,0.0,0.0,0.0,0.0,0.0,0.0,32689.999999999996,75090.0,159890.0,239400.0,345410.0,472600.0,594520.0,727030.0,933750.0,1140000.0,1390000.0,1650000.0,1930000.0,2180000.0,2330000.0,2470000.0,2500000.0,2500000.0,2500000.0,2500000.0,2500000.0,2500000.0,2500000.0,2500000.0,2500000.0,2500000.0,2500000.0,2500000.0,2500000.0,2500000.0,2500000.0,2500000.0,2500000.0,2500000.0,2500000.0,2500000.0,2500000.0,2500000.0,2500000.0,2500000.0,2500000.0,2500000.0,2500000.0,2500000.0,0.0,,https://sam.nrel.gov/content/component-databases,21.11.13 11:43
51,FUHRLÄNDER FL 54 1000,1000000,0.0,,0.0,,0.0,,0.0,,25000.0,,66000.0,,111000.0,,201000.0,,320000.0,,446000.0,,576000.0,,678000.0,,810000.0,,895000.0,,938000.0,,1008000.0,,1030000.0,,1030000.0,,1035000.0,,1032000.0,,1009000.0,,1009000.0,,1009000.0,,1009000.0,,1009000.0,,1009000.0,0.0,,http://www.inl.gov/wind/software/,21.11.13 11:43
52,FUHRLANDER FL 80 2500,2500000,0.0,0.0,0.0,0.0,0.0,0.0,0.0,0.0,30000.0,96290.0,149290.0,197000.0,265900.0,350710.0,446110.0,552120.0,658130.0,817140.0,970850.0,1160000.0,1350000.0,1550000.0,1730000.0,1910000.0,2080000.0,2230000.0,2350000.0,2440000.0,2500000.0,2500000.0,2500000.0,2500000.0,2500000.0,2500000.0,2500000.0,2500000.0,2500000.0,2500000.0,2500000.0,2500000.0,2500000.0,2500000.0,2500000.0,2500000.0,2500000.0,2500000.0,2500000.0,2500000.0,2500000.0,2500000.0,2500000.0,0.0,,https://sam.nrel.gov/content/component-databases,21.11.13 11:43
53,FUHRLANDER FL 90 2500,2500000,0.0,0.0,0.0,0.0,0.0,0.0,0.0,0.0,30000.0,96290.0,165190.0,255300.0,361310.0,462010.0,568020.0,727030.0,891340.0,1080000.0,1280000.0,1480000.0,1690000.0,1900000.0,2140000.0,2290000.0,2420000.0,2480000.0,2500000.0,2500000.0,2500000.0,2500000.0,2500000.0,2500000.0,2500000.0,2500000.0,2500000.0,2500000.0,2500000.0,2500000.0,2500000.0,2500000.0,2500000.0,2500000.0,2500000.0,2500000.0,2500000.0,2500000.0,2500000.0,2500000.0,2500000.0,2500000.0,2500000.0,0.0,,https://sam.nrel.gov/content/component-databases,21.11.13 11:43
54,FUHRLÄNDER MD 70,1500000,0.0,0.0,0.0,0.0,0.0,,0.0,,29000.0,,97700.0,,192900.0,,304400.0,,493000.0,,713000.0,,978000.0,,1257000.0,,1456000.0,,1496000.0,,1500000.0,,1500000.0,,1500000.0,,1500000.0,,1500000.0,,1500000.0,,1500000.0,,1500000.0,,1500000.0,,1500000.0,,1500000.0,,1500000.0,0.0,,k.A.,21.11.13 11:43
55,FUHRLÄNDER MD 77,1500000,0.0,0.0,0.0,0.0,0.0,0.0,10000.0,29800.0,45580.0,90470.0,143290.0,185540.0,241000.0,309700.0,383680.0,484120.0,611020.0,793470.0,965340.0,1050000.0,1150000.0,1320000.0,1500000.0,1500000.0,1500000.0,1500000.0,1500000.0,1500000.0,1500000.0,1500000.0,1500000.0,1500000.0,1500000.0,1500000.0,1500000.0,1500000.0,1500000.0,1500000.0,1500000.0,1500000.0,1500000.0,,0.0,,0.0,,0.0,,0.0,,0.0,,,https://sam.nrel.gov/content/component-databases,21.11.13 11:43
56,GAMESA G 52 800,800000,0.0,0.0,0.0,0.0,0.0,0.0,0.0,0.0,16600.0,33150.0,49700.0,77100.0,104500.0,146950.0,189400.0,237500.0,285600.0,347150.0,408700.0,471350.0,534000.0,598000.0,662000.0,706500.0,751000.0,769500.0,788000.0,791000.0,794000.0,797000.0,800000.0,800000.0,800000.0,800000.0,800000.0,800000.0,800000.0,800000.0,800000.0,800000.0,800000.0,800000.0,800000.0,800000.0,800000.0,800000.0,800000.0,800000.0,800000.0,800000.0,800000.0,0.0,,https://sam.nrel.gov/content/component-databases,21.11.13 11:43
57,GAMESA G 52 850,850000,0.0,0.0,0.0,0.0,0.0,0.0,0.0,0.0,27900.0,46550.0,65200.0,94150.0,123100.0,163050.0,203000.0,255000.0,307000.0,371150.0,435300.0,499900.0,564500.0,624550.0,684600.0,732250.0,779900.0,810250.0,840600.0,844300.0,848000.0,848500.0,849000.0,849500.0,850000.0,850000.0,850000.0,850000.0,850000.0,850000.0,850000.0,850000.0,850000.0,850000.0,850000.0,850000.0,850000.0,850000.0,850000.0,850000.0,850000.0,850000.0,850000.0,0.0,,https://sam.nrel.gov/content/component-databases,21.11.13 11:43
58,GAMESA G 58,850000,0.0,,0.0,,0.0,,9700.0,,33500.0,,78500.0,,145300.0,,236600.0,,358800.0,,513100.0,,669700.0,,778300.0,,828100.0,,844400.0,,848700.0,,849700.0,,849900.0,,850000.0,,850000.0,,850000.0,,850000.0,,850000.0,,850000.0,,850000.0,,0.0,,0.0,,,k.A.,21.11.13 11:43
59,GAMESA G 80 2000,2000000,0.0,0.0,0.0,0.0,0.0,0.0,0.0,0.0,66300.0,109150.0,152000.0,216000.0,280000.0,368500.0,457000.0,573500.0,690000.0,834000.0,978000.0,1137000.0,1296000.0,1447000.0,1598000.0,1708000.0,1818000.0,1876500.0,1935000.0,1957500.0,1980000.0,1987500.0,1995000.0,1997000.0,1999000.0,1999500.0,2000000.0,2000000.0,2000000.0,2000000.0,2000000.0,2000000.0,2000000.0,2000000.0,2000000.0,2000000.0,2000000.0,2000000.0,2000000.0,2000000.0,2000000.0,2000000.0,2000000.0,0.0,,https://sam.nrel.gov/content/component-databases,21.11.13 11:43
60,GAMESA G 87 2000,2000000,0.0,0.0,0.0,0.0,0.0,0.0,0.0,0.0,78600.0,129900.0,181200.0,258300.0,335400.0,442600.0,549800.0,690650.0,831500.0,1003150.0,1174800.0,1351550.0,1528300.0,1661500.0,1794700.0,1862900.0,1931100.0,1956050.0,1981000.0,1988150.0,1995300.0,1997100.0,1998900.0,1999350.0,1999800.0,1999900.0,2000000.0,2000000.0,2000000.0,2000000.0,2000000.0,2000000.0,2000000.0,2000000.0,2000000.0,2000000.0,2000000.0,2000000.0,2000000.0,2000000.0,2000000.0,2000000.0,2000000.0,0.0,,https://sam.nrel.gov/content/component-databases,21.11.13 11:43
61,GAMESA G 90 2000,2000000,0.0,0.0,0.0,0.0,0.0,0.0,21300.0,53100.0,84900.0,141100.0,197300.0,280550.0,363800.0,479350.0,594900.0,747850.0,900800.0,1087600.0,1274400.0,1453700.0,1633000.0,1748000.0,1863000.0,1911700.0,1960400.0,1975400.0,1990400.0,1994150.0,1997900.0,1998750.0,1999600.0,1999750.0,1999900.0,1999950.0,2000000.0,2000000.0,2000000.0,2000000.0,2000000.0,2000000.0,2000000.0,2000000.0,2000000.0,,1906000.0,,1681000.0,,1455000.0,,1230000.0,0.0,,https://sam.nrel.gov/content/component-databases,21.11.13 11:43
62,"GE 1,5 S",1500000,0.0,0.0,0.0,0.0,0.0,0.0,0.0,0.0,36000.0,66000.0,104000.0,150000.0,205000.0,269000.0,344000.0,428000.0,528000.0,644000.0,774000.0,926500.0,1079000.0,1211000.0,1342000.0,1401000.0,1460000.0,1477000.0,1494000.0,1500000.0,1500000.0,1500000.0,1500000.0,1500000.0,1500000.0,1500000.0,1500000.0,1500000.0,1500000.0,1500000.0,1500000.0,1500000.0,1500000.0,1500000.0,1500000.0,1500000.0,1500000.0,1500000.0,1500000.0,1500000.0,1500000.0,1500000.0,1500000.0,0.0,,https://sam.nrel.gov/content/component-databases,21.11.13 11:43
63,"GE 1,5 SLE",1500000,0.0,0.0,0.0,0.0,0.0,0.0,0.0,21320.0,45690.0,79830.0,128660.0,187270.0,250780.0,333850.0,426720.0,534270.0,656490.0,798290.0,940080.0,1060000.0,1190000.0,1290000.0,1370000.0,1410000.0,1440000.0,1470000.0,1480000.0,1490000.0,1500000.0,1500000.0,1500000.0,1500000.0,1500000.0,1500000.0,1500000.0,1500000.0,1500000.0,1500000.0,1500000.0,1500000.0,1500000.0,1500000.0,1500000.0,1500000.0,1500000.0,1500000.0,1500000.0,1500000.0,1500000.0,1500000.0,1500000.0,0.0,,https://sam.nrel.gov/content/component-databases,21.11.13 11:43
64,"GE 1,5 XLE",1500000,0.0,0.0,0.0,0.0,0.0,0.0,0.0,13980.0,114190.0,177690.0,248540.0,324280.0,409810.0,522240.0,659140.0,800940.0,947620.0,1130000.0,1260000.0,1350000.0,1420000.0,1470000.0,1500000.0,1500000.0,1500000.0,1500000.0,1500000.0,1500000.0,1500000.0,1500000.0,1500000.0,1500000.0,1500000.0,1500000.0,1500000.0,1500000.0,1500000.0,1500000.0,1500000.0,1500000.0,1500000.0,,0.0,,0.0,,0.0,,0.0,,0.0,,,https://sam.nrel.gov/content/component-databases,21.11.13 11:43
65,"GE 1,6",1600000,0.0,,0.0,,0.0,,1000.0,16000.0,81000.0,163000.0,259000.0,378000.0,504000.0,643000.0,808000.0,984000.0,1159000.0,1312000.0,1426000.0,1519000.0,1571000.0,1594000.0,1609000.0,1619000.0,1620000.0,1620000.0,1620000.0,1620000.0,1620000.0,1620000.0,1620000.0,1620000.0,1620000.0,1620000.0,1620000.0,1620000.0,1620000.0,1620000.0,1620000.0,1620000.0,1620000.0,1620000.0,1620000.0,1620000.0,1620000.0,1620000.0,1620000.0,1620000.0,1620000.0,1620000.0,1620000.0,0.0,,http://www.windenergie-im-binnenland.de,21.11.13 11:43
66,"GE 2,3",2300000,0.0,,0.0,,0.0,,8000.0,,71000.0,,187000.0,,363000.0,,609000.0,,934000.0,,1352000.0,,1780000.0,,2113000.0,,2259000.0,,2295000.0,,2300000.0,,2300000.0,,2300000.0,,2300000.0,,2300000.0,,2300000.0,,2300000.0,,2300000.0,,2300000.0,,2300000.0,,2300000.0,,2300000.0,0.0,,k.A.,21.11.13 11:43
67,"GE 2,5 XL",2500000,0.0,0.0,0.0,0.0,0.0,0.0,0.0,25710.0,54290.0,111430.0,185710.0,300000.0,391430.0,511430.0,654290.0,820000.0,1000000.0,1170000.0,1380000.0,1640000.0,1920000.0,2110000.0,2260000.0,2370000.0,2460000.0,2500000.0,2500000.0,2500000.0,2500000.0,2500000.0,2500000.0,2500000.0,2500000.0,2500000.0,2500000.0,2500000.0,2500000.0,2500000.0,2500000.0,2500000.0,2500000.0,2500000.0,2500000.0,2500000.0,2500000.0,2500000.0,2500000.0,2500000.0,2500000.0,2500000.0,2500000.0,0.0,,https://sam.nrel.gov/content/component-databases,21.11.13 11:43
68,"GE 2,75",2750000,0.0,,0.0,,0.0,,17000.0,55000.0,104000.0,169000.0,251000.0,352000.0,470000.0,610000.0,772000.0,959000.0,1170000.0,1405000.0,1656000.0,1899000.0,2120000.0,2291000.0,2441000.0,2567000.0,2661000.0,2730000.0,2768000.0,2780000.0,2780000.0,2780000.0,2780000.0,2780000.0,2780000.0,2780000.0,2780000.0,2780000.0,2780000.0,2780000.0,2780000.0,2780000.0,2780000.0,2780000.0,2780000.0,2780000.0,2780000.0,2780000.0,2780000.0,2780000.0,2780000.0,2780000.0,2780000.0,0.0,,http://www.windenergie-im-binnenland.de,21.11.13 11:43
69,LAGERWEY LW 27,250000,,,,,,,,,,,,,,,,,,,,,,,,,,,,,,,,,,,,,,,,,,,,,,,,,,,,,,k.A.,21.11.13 11:43
70,LAGERWEY LW 50,750000,,,,,,,,,,,,,,,,,,,,,,,,,,,,,,,,,,,,,,,,,,,,,,,,,,,,,,k.A.,21.11.13 11:43
71,# MD 77,1500000,,,,,,,,,,,,,,,,,,,,,,,,,,,,,,,,,,,,,,,,,,,,,,,,,,,,,,k.A.,21.11.13 11:43
72,MITSUBISHI MWT 1000,1000000,0.0,0.0,0.0,0.0,0.0,0.0,0.0,0.0,1030.0,11350.0,34090.0,69210.0,104340.0,145660.0,201450.0,265500.0,327480.0,381200.0,445250.0,507230.0,589880.0,674580.0,751030.0,813020.0,881200.0,941120.0,976240.0,1000000.0,1000000.0,1000000.0,1000000.0,1000000.0,1000000.0,1000000.0,1000000.0,1000000.0,1000000.0,1000000.0,1000000.0,1000000.0,1000000.0,1000000.0,1000000.0,1000000.0,1000000.0,1000000.0,1000000.0,1000000.0,1000000.0,1000000.0,1000000.0,0.0,,https://sam.nrel.gov/content/component-databases,21.11.13 11:43
73,MITSUBISHI MWT 1000A,1000000,0.0,0.0,0.0,0.0,0.0,0.0,780.0,27170.0,53560.0,90830.0,131210.0,182450.0,246120.0,305120.0,365680.0,444880.0,519409.99999999994,592390.0,676240.0,749220.0,826850.0,887420.0,937110.0,975930.0,989910.0,1000000.0,1000000.0,999220.0,999220.0,999220.0,999220.0,1000000.0,1000000.0,1000000.0,1000000.0,1000000.0,1000000.0,1000000.0,1000000.0,1000000.0,1000000.0,1000000.0,1000000.0,1000000.0,1000000.0,1000000.0,1000000.0,1000000.0,1000000.0,1000000.0,1000000.0,0.0,,https://sam.nrel.gov/content/component-databases,21.11.13 11:43
74,MITSUBISHI MWT 92 2.4,2400000,0.0,0.0,0.0,0.0,0.0,0.0,780.0,64720.0,105090.0,184890.0,264470.0,344050.0,463060.0,601450.0,739830.0,917650.0,1090000.0,1300000.0,1520000.0,1780000.0,1960000.0,2120000.0,2240000.0,2360000.0,2390000.0,2400000.0,2400000.0,2400000.0,2400000.0,2400000.0,2400000.0,2400000.0,2400000.0,2400000.0,2400000.0,2400000.0,2400000.0,2400000.0,2400000.0,2400000.0,2400000.0,2400000.0,2400000.0,2400000.0,2400000.0,2400000.0,2400000.0,2400000.0,2400000.0,2400000.0,2400000.0,0.0,,https://sam.nrel.gov/content/component-databases,21.11.13 11:43
75,MITSUBISHI MWT 95 2.4,2400000,0.0,0.0,0.0,0.0,0.0,0.0,780.0,41920.0,81140.0,139780.0,237330.0,334810.0,432280.0,549180.0,685490.0,860720.0,1030000.0,1210000.0,1400000.0,1600000.0,1790000.0,1960000.0,2120000.0,2290000.0,2370000.0,2400000.0,2400000.0,2400000.0,2400000.0,2400000.0,2400000.0,2400000.0,2400000.0,2400000.0,2400000.0,2400000.0,2400000.0,2400000.0,2400000.0,2400000.0,2400000.0,2400000.0,2400000.0,2400000.0,2400000.0,2400000.0,2400000.0,2400000.0,2400000.0,2400000.0,2400000.0,0.0,,https://sam.nrel.gov/content/component-databases,21.11.13 11:43
76,NEG MICON NM 44 750,750000,0.0,0.0,0.0,0.0,0.0,0.0,0.0,0.0,9110.0,16890.0,32340.000000000004,51600.0,74660.0,105380.0,136090.0,170600.0,212770.0,254920.0,297080.0,339250.0,381390.0,423560.0,469540.0,511690.0,553850.0,592180.0,634350.0,676510.0,707210.0,730290.0,738100.0,749710.0,749890.0,750070.0,750230.0,746580.0,739140.0,731680.0,724210.0,716760.0,705480.0,705650.0,705810.0,706000.0,706180.0,710160.0,710340.0,710520.0,710680.0,710850.0,711030.0,0.0,,https://sam.nrel.gov/content/component-databases,21.11.13 11:43
77,NEG MICON NM 48 750,750000,0.0,0.0,0.0,0.0,0.0,0.0,0.0,0.0,9110.0,19690.0,34170.0,54410.0,80390.0,115000.0,155340.0,207190.0,250410.0,308000.0,359830.0,414560.0,460660.0,518250.0,552850.0,593200.0,627800.0,656660.0,685520.0,705750.0,723110.0,737600.0,749210.0,752200.0,755200.0,755320.0,755440.0,752690.0,749930.0,741430.0,735800.0,727300.0,715930.0,707430.0,698930.0,696170.0,693420.0,693540.0,693650.0,693780.0,696770.0,699760.0,696950.0,0.0,,https://sam.nrel.gov/content/component-databases,21.11.13 11:43
78,NEG MICON NM 60 1000,1000000,,,,,,,,,,,,,,,,,,,,,,,,,,,,,,,,,,,,,,,,,,,,,,,,,,,,,,k.A.,21.11.13 11:43
79,NEG MICON NM 64C 1500,1500000,,,,,,,,,,,,,,,,,,,,,,,,,,,,,,,,,,,,,,,,,,,,,,,,,,,,,,k.A.,21.11.13 11:43
80,NEG MICON NM 72C 1500,1500000,0.0,0.0,0.0,0.0,0.0,0.0,0.0,0.0,0.0,0.0,74000.0,138000.0,202000.0,279000.0,356000.0,466000.0,576000.0,692000.0,808000.0,933000.0,1058000.0,1171500.0,1285000.0,1355500.0,1426000.0,1438500.0,1451000.0,1467000.0,1483000.0,1491500.0,1500000.0,1500000.0,1500000.0,1500000.0,1500000.0,1500000.0,1500000.0,1500000.0,1500000.0,1500000.0,1500000.0,1500000.0,1500000.0,1500000.0,1500000.0,1500000.0,1500000.0,1500000.0,1500000.0,1500000.0,1500000.0,0.0,,https://sam.nrel.gov/content/component-databases,21.11.13 11:43
81,NEG MICON NM 82 1500,1500000,0.0,,0.0,,0.0,,0.0,,69000.0,,173000.0,,307000.0,,510000.0,,752000.0,,1001000.0,,1262000.0,,1433000.0,,1490000.0,,1500000.0,,1500000.0,,1500000.0,,1500000.0,,1500000.0,,1500000.0,,0.0,,0.0,,0.0,,0.0,,0.0,,0.0,,0.0,,,k.A.,21.11.13 11:43
82,NEG MICON NM 82 1650,1650000,0.0,0.0,0.0,0.0,0.0,0.0,0.0,0.0,28000.0,86000.0,144000.0,226500.0,309000.0,410000.0,511000.0,634500.0,758000.0,887500.0,1017000.0,1137500.0,1258000.0,1381000.0,1504000.0,1570500.0,1637000.0,1642500.0,1648000.0,1649000.0,1650000.0,1650000.0,1650000.0,1650000.0,1650000.0,1650000.0,1650000.0,1650000.0,1650000.0,1650000.0,1650000.0,1650000.0,1650000.0,,0.0,,0.0,,0.0,,0.0,,0.0,,,https://sam.nrel.gov/content/component-databases,21.11.13 11:43
83,NORDEX N 100 2500,2500000,0.0,0.0,0.0,0.0,0.0,0.0,0.0,25000.0,50000.0,135500.0,221000.0,326000.0,431000.0,575500.0,720000.0,911000.0,1102000.0,1338500.0,1575000.0,1797000.0,2019000.0,2161500.0,2304000.0,2381000.0,2458000.0,2479000.0,2500000.0,2500000.0,2500000.0,2500000.0,2500000.0,2500000.0,2500000.0,2500000.0,2500000.0,2500000.0,2500000.0,2500000.0,2500000.0,2500000.0,2500000.0,2500000.0,2500000.0,2500000.0,2500000.0,2500000.0,2500000.0,2500000.0,2500000.0,2500000.0,2500000.0,0.0,,https://sam.nrel.gov/content/component-databases,21.11.13 11:43
84,NORDEX N 100 3300,3300000,0.0,,0.0,,0.0,,0.0,13000.0,69000.0,136000.0,219000.0,317000.0,434000.0,569000.0,725000.0,903000.0,1106000.0,1334000.0,1583000.0,1852000.0,2136000.0,2430000.0,2698000.0,2907000.0,3067000.0,3182000.0,3256000.0,3294000.0,3300000.0,3300000.0,3300000.0,3300000.0,3300000.0,3300000.0,3300000.0,3300000.0,3300000.0,3300000.0,3300000.0,3300000.0,3300000.0,3300000.0,3300000.0,3300000.0,3300000.0,3300000.0,3300000.0,3300000.0,3300000.0,3300000.0,3300000.0,0.0,,http://www.windenergie-im-binnenland.de,21.11.13 11:43
85,NORDEX N 117 2400,2400000,0.0,,0.0,,0.0,,25000.0,82000.0,154000.0,244000.0,354000.0,486000.0,643000.0,827000.0,1038000.0,1272000.0,1525000.0,1794000.0,2037000.0,2211000.0,2326000.0,2386000.0,2400000.0,2400000.0,2400000.0,2400000.0,2400000.0,2400000.0,2400000.0,2400000.0,2400000.0,2400000.0,2400000.0,2400000.0,2400000.0,2400000.0,2400000.0,2400000.0,2400000.0,2400000.0,2400000.0,,0.0,,0.0,,0.0,,0.0,,0.0,,,http://www.windenergie-im-binnenland.de,21.11.13 11:43
86,NORDEX N 117 3000,3000000,0.0,,0.0,,0.0,,16000.0,56000.0,129000.0,221000.0,333000.0,467000.0,624000.0,807000.0,1020000.0,1263000.0,1534000.0,1825000.0,2131000.0,2420000.0,2643000.0,2807000.0,2916000.0,2978000.0,3000000.0,3000000.0,3000000.0,3000000.0,3000000.0,3000000.0,3000000.0,3000000.0,3000000.0,3000000.0,3000000.0,3000000.0,3000000.0,3000000.0,3000000.0,3000000.0,3000000.0,3000000.0,3000000.0,3000000.0,3000000.0,3000000.0,3000000.0,3000000.0,3000000.0,3000000.0,3000000.0,0.0,,http://www.windenergie-im-binnenland.de,21.11.13 11:43
87,NORDEX N 27 150,150000,,,,,,,,,,,,,,,,,,,,,,,,,,,,,,,,,,,,,,,,,,,,,,,,,,,,,,k.A.,21.11.13 11:43
88,NORDEX N 27 250,250000,,,,,,,,,,,,,,,,,,,,,,,,,,,,,,,,,,,,,,,,,,,,,,,,,,,,,,k.A.,21.11.13 11:43
89,NORDEX N 29,250000,,,,,,,,,,,,,,,,,,,,,,,,,,,,,,,,,,,,,,,,,,,,,,,,,,,,,,k.A.,21.11.13 11:43
90,NORDEX N 43 600,600000,0.0,0.0,0.0,0.0,0.0,0.0,1560.0,9360.0,17160.0,30905.0,44650.0,58335.0,72020.0,97865.0,123710.0,159980.0,196250.0,236525.0,276800.0,320215.0,363630.0,403955.0,444280.0,488930.0,533580.0,558665.0,583750.0,601215.0,618680.0,619085.0,619490.0,618305.0,617120.0,599100.0,599100.0,599100.0,599100.0,599100.0,599100.0,599100.0,599100.0,599100.0,599100.0,599100.0,599100.0,599100.0,599100.0,599100.0,599100.0,599100.0,599100.0,0.0,,https://sam.nrel.gov/content/component-databases,21.11.13 11:43
91,NORDEX N 52,800000,,,,,,,,,,,,,,,,,,,,,,,,,,,,,,,,,,,,,,,,,,,,,,,,,,,,,,k.A.,21.11.13 11:43
92,NORDEX N 54,1000000,,,,,,,,,,,,,,,,,,,,,,,,,,,,,,,,,,,,,,,,,,,,,,,,,,,,,,k.A.,21.11.13 11:43
93,NORDEX N 60 1300,1300000,0.0,0.0,0.0,0.0,0.0,0.0,0.0,14500.0,29000.0,51000.0,73000.0,102000.0,131000.0,186000.0,241000.0,308500.0,376000.0,456000.0,536000.0,620000.0,704000.0,787500.0,871000.0,943500.0,1016000.0,1070000.0,1124000.0,1185500.0,1247000.0,1274000.0,1301000.0,1322500.0,1344000.0,1354000.0,1364000.0,1343000.0,1322000.0,1320500.0,1319000.0,1316500.0,1314000.0,1313000.0,1312000.0,1309500.0,1307000.0,1303000.0,1299000.0,1295500.0,1292000.0,1292000.0,1292000.0,0.0,,https://sam.nrel.gov/content/component-databases,21.11.13 11:43
94,NORDEX N 62,1300000,0.0,,0.0,,0.0,,0.0,,20000.0,,81000.0,,159000.0,,225000.0,,385000.0,,571000.0,,760000.0,,925000.0,,1056000.0,,1168000.0,,1250000.0,,1294000.0,,1300000.0,,1287000.0,,1262000.0,,1232000.0,,1203000.0,,1179000.0,,1158000.0,,1146000.0,,1140000.0,,1138000.0,0.0,,http://www.inl.gov/wind/software/,21.11.13 11:43
95,NORDEX N 80 2500,2500000,0.0,0.0,0.0,0.0,0.0,0.0,0.0,7500.0,15000.0,68000.0,121000.0,186000.0,251000.0,342000.0,433000.0,550000.0,667000.0,820500.0,974000.0,1146500.0,1319000.0,1497000.0,1675000.0,1839500.0,2004000.0,2142500.0,2281000.0,2372000.0,2463000.0,2481500.0,2500000.0,2500000.0,2500000.0,2500000.0,2500000.0,2500000.0,2500000.0,2500000.0,2500000.0,2500000.0,2500000.0,2500000.0,2500000.0,2500000.0,2500000.0,2500000.0,2500000.0,2500000.0,2500000.0,2500000.0,2500000.0,0.0,,https://sam.nrel.gov/content/component-databases,21.11.13 11:43
96,NORDEX N 90 2300,2300000,0.0,0.0,0.0,0.0,0.0,0.0,0.0,17500.0,35000.0,105000.0,175000.0,263500.0,352000.0,466000.0,580000.0,725000.0,870000.0,1053500.0,1237000.0,1430000.0,1623000.0,1817500.0,2012000.0,2121000.0,2230000.0,2265000.0,2300000.0,2300000.0,2300000.0,2300000.0,2300000.0,2300000.0,2300000.0,2300000.0,2300000.0,2300000.0,2300000.0,2300000.0,2300000.0,2300000.0,2300000.0,2300000.0,2300000.0,2300000.0,2300000.0,2300000.0,2300000.0,2300000.0,2300000.0,2300000.0,2300000.0,0.0,,https://sam.nrel.gov/content/component-databases,21.11.13 11:43
97,NORDEX N 90 2500 HS,2500000,0.0,0.0,0.0,0.0,0.0,0.0,0.0,5000.0,40000.0,103000.0,170000.0,249000.0,341000.0,448000.0,572000.0,716000.0,880000.0,1062000.0,1262000.0,1475000.0,1702000.0,1928000.0,2116000.0,2262000.0,2370000.0,2443000.0,2500000.0,2500000.0,2500000.0,2500000.0,2500000.0,2500000.0,2500000.0,2500000.0,2500000.0,2500000.0,2500000.0,2500000.0,2500000.0,2500000.0,2500000.0,2500000.0,2500000.0,2500000.0,2500000.0,2500000.0,2500000.0,2500000.0,2500000.0,2500000.0,2500000.0,0.0,,https://sam.nrel.gov/content/component-databases,21.11.13 11:43
98,NORDEX N 90 2500 LS,2500000,0.0,0.0,0.0,0.0,0.0,0.0,0.0,5000.0,35000.0,98000.0,175000.0,260000.0,352000.0,462000.0,580000.0,717000.0,870000.0,1045000.0,1237000.0,1430000.0,1623000.0,1835000.0,2043000.0,2200000.0,2345000.0,2430000.0,2475000.0,2490000.0,2500000.0,2500000.0,2500000.0,2500000.0,2500000.0,2500000.0,2500000.0,2500000.0,2500000.0,2500000.0,2500000.0,2500000.0,2500000.0,2500000.0,2500000.0,2500000.0,2500000.0,2500000.0,2500000.0,2500000.0,2500000.0,2500000.0,2500000.0,0.0,,https://sam.nrel.gov/content/component-databases,21.11.13 11:43
99,NORDEX S 70 1500,1500000,0.0,,0.0,,0.0,,0.0,,24000.0,,86000.0,,188000.0,,326000.0,,526000.0,,728000.0,,1006000.0,,1271000.0,,1412000.0,,1500000.0,,1500000.0,,1500000.0,,1500000.0,,1500000.0,,1500000.0,,1500000.0,,1500000.0,,1500000.0,,1500000.0,,1500000.0,,1500000.0,,1500000.0,0.0,,http://www.inl.gov/wind/software/,21.11.13 11:43
100,NORDEX S 77 1500,1500000,0.0,,0.0,,0.0,,0.0,,25000.0,,87000.0,,214000.0,,377000.0,,589000.0,,855000.0,,1162000.0,,1453000.0,,1500000.0,,1500000.0,,1500000.0,,1500000.0,,1500000.0,,1500000.0,,1500000.0,,1500000.0,,1500000.0,,1500000.0,,1500000.0,,1500000.0,,1500000.0,,1500000.0,0.0,,http://www.inl.gov/wind/software/,21.11.13 11:43
101,NORDTANK NTK 500,500000,,,,,,,,,,,,,,,,,,,,,,,,,,,,,,,,,,,,,,,,,,,,,,,,,,,,,,k.A.,21.11.13 11:43
102,NORDTANK NTK 600,600000,,,,,,,,,,,,,,,,,,,,,,,,,,,,,,,,,,,,,,,,,,,,,,,,,,,,,,k.A.,21.11.13 11:43
103,REPOWER 3.0 M122,3000000,0.0,,0.0,,0.0,,27000.0,,157000.0,,363000.0,,675000.0,,1121000.0,,1650000.0,,2231000.0,,2749000.0,,2948000.0,,2970000.0,,2970000.0,,2970000.0,,2970000.0,,2970000.0,,2970000.0,,2970000.0,,2970000.0,,2970000.0,,2970000.0,,2970000.0,,0.0,,0.0,,0.0,,,http://www.windenergie-im-binnenland.de,21.11.13 11:43
104,REPOWER 3.2 M114,3200000,0.0,,0.0,,0.0,,27000.0,,151000.0,,327000.0,,598000.0,,978000.0,,1471000.0,,2031000.0,,2594000.0,,3033000.0,,3200000.0,,3200000.0,,3200000.0,,3200000.0,,3200000.0,,3200000.0,,3200000.0,,3200000.0,,3200000.0,,3200000.0,,3200000.0,,0.0,,0.0,,0.0,,,http://www.windenergie-im-binnenland.de,21.11.13 11:43
105,REPOWER 3.4 M104,3400000,0.0,0.0,0.0,0.0,0.0,,0.0,37000.0,94000.0,,253000.0,,479000.0,,791000.0,,1219000.0,,1745000.0,,2309000.0,,2860000.0,,3295000.0,,3370000.0,,3400000.0,,3400000.0,,3400000.0,,3400000.0,,3400000.0,,3400000.0,,3400000.0,,3400000.0,,3400000.0,,3400000.0,,3400000.0,,3400000.0,0.0,,k.A.,21.11.13 11:43
106,REPOWER 5M,5000000,0.0,0.0,0.0,0.0,0.0,0.0,0.0,0.0,50000.0,137500.0,225000.0,377500.0,530000.0,735000.0,940000.0,1205000.0,1470000.0,1805000.0,2140000.0,2540000.0,2940000.0,3387500.0,3835000.0,4192500.0,4550000.0,4725000.0,4900000.0,5000000.0,5000000.0,5000000.0,5000000.0,5000000.0,5000000.0,5000000.0,5000000.0,5000000.0,5000000.0,5000000.0,5000000.0,5000000.0,5000000.0,5000000.0,5000000.0,5000000.0,5000000.0,5000000.0,5000000.0,5000000.0,5000000.0,5000000.0,5000000.0,0.0,,https://sam.nrel.gov/content/component-databases,21.11.13 11:43
107,REPOWER J 43 500,500000,,,,,,,,,,,,,,,,,,,,,,,,,,,,,,,,,,,,,,,,,,,,,,,,,,,,,,k.A.,21.11.13 11:43
108,REPOWER J 48 600,600000,,,,,,,,,,,,,,,,,,,,,,,,,,,,,,,,,,,,,,,,,,,,,,,,,,,,,,k.A.,21.11.13 11:43
109,REPOWER J 57 1000,1050000,,,,,,,,,,,,,,,,,,,,,,,,,,,,,,,,,,,,,,,,,,,,,,,,,,,,,,k.A.,21.11.13 11:43
110,REPOWER MD 70 1500,1500000,0.0,,0.0,,0.0,,0.0,,24000.0,,86000.0,,188000.0,,326000.0,,525000.0,,728000.0,,1006000.0,,1271000.0,,1412000.0,,1497000.0,,1500000.0,,1500000.0,,1500000.0,,1500000.0,,1500000.0,,1500000.0,,1500000.0,,1500000.0,,1500000.0,,1500000.0,,1500000.0,,1500000.0,0.0,,http://www.inl.gov/wind/software/,21.11.13 11:43
111,REPOWER MD 77,1500000,0.0,,0.0,,0.0,,2000.0,,44000.0,,129000.0,,241000.0,,396000.0,,594000.0,,846000.0,,1100000.0,,1318000.0,,1467000.0,,1500000.0,,1500000.0,,1500000.0,,1500000.0,,1500000.0,,1500000.0,,1500000.0,,1500000.0,,0.0,,0.0,,0.0,,0.0,,0.0,,,http://www.inl.gov/wind/software/,21.11.13 11:43
112,REPOWER MM 100 2000,2000000,0.0,,0.0,,0.0,,20000.0,,102000.0,,239000.0,,452000.0,,746000.0,,1126000.0,,1559000.0,,1901000.0,,2000000.0,,2000000.0,,2000000.0,,2000000.0,,2000000.0,,2000000.0,,2000000.0,,2000000.0,,2000000.0,,2000000.0,,2000000.0,,2000000.0,0.0,0.0,,0.0,,0.0,,,http://www.windenergie-im-binnenland.de,21.11.13 11:43
113,REPOWER MM 70,2000000,0.0,,0.0,,0.0,,0.0,,18000.0,,94000.0,,197000.0,,333000.0,,512000.0,,735000.0,,1009000.0,,1305000.0,,1597000.0,,1865000.0,,2000000.0,,2000000.0,,2000000.0,,2000000.0,,2000000.0,,2000000.0,,2000000.0,,2000000.0,,2000000.0,,2000000.0,,2000000.0,,2000000.0,0.0,,http://www.inl.gov/wind/software/,21.11.13 11:43
114,REPOWER MM 82 2050,2050000,0.0,0.0,0.0,0.0,0.0,0.0,0.0,13480.0,28260.0,63650.0,109080.0,164560.0,225070.0,305680.0,386280.0,466870.0,577630.0,683340.0,804130.0,945030.0,1080000.0,1220000.0,1380000.0,1510000.0,1640000.0,1770000.0,1870000.0,1940000.0,2010000.0,2050000.0,2050000.0,2050000.0,2050000.0,2050000.0,2050000.0,2050000.0,2050000.0,2050000.0,2050000.0,2050000.0,2050000.0,2050000.0,2050000.0,2050000.0,2050000.0,2050000.0,2050000.0,2050000.0,2050000.0,2050000.0,2050000.0,0.0,,https://sam.nrel.gov/content/component-databases,21.11.13 11:43
115,REPOWER MM 92 2050,2050000,0.0,0.0,0.0,0.0,0.0,0.0,4493.33,13480.0,55190.0,96400.0,152760.0,224110.0,305580.0,386990.0,508660.0,610150.0,741850.0,883540.0,1050000.0,1210000.0,1380000.0,1590000.0,1770000.0,1930000.0,2030000.0,2050000.0,2050000.0,2050000.0,2050000.0,2050000.0,2050000.0,2050000.0,2050000.0,2050000.0,2050000.0,2050000.0,2050000.0,2050000.0,2050000.0,2050000.0,2050000.0,2050000.0,2050000.0,2050000.0,2050000.0,2050000.0,2050000.0,2050000.0,2050000.0,,0.0,,,https://sam.nrel.gov/content/component-databases,21.11.13 11:43
116,SIEMENS SWT 2.3 93,2300000,0.0,0.0,0.0,0.0,0.0,0.0,0.0,38515.0,95400.0,123380.0,173080.0,258000.0,355890.0,475850.0,608780.0,746260.0,883560.0,1040000.0,1200000.0,1350000.0,1520000.0,1690000.0,1830000.0,1950000.0,2090000.0,2190000.0,2260000.0,2300000.0,2300000.0,2300000.0,2300000.0,2300000.0,2300000.0,2300000.0,2300000.0,2300000.0,2300000.0,2300000.0,2300000.0,2300000.0,2300000.0,2300000.0,2300000.0,2300000.0,2300000.0,2300000.0,2300000.0,2300000.0,2300000.0,2300000.0,2300000.0,0.0,,https://sam.nrel.gov/content/component-databases,21.11.13 11:43
117,SIEMENS SWT 3.6 120,3600000,0.0,,0.0,,0.0,,0.0,,161000.0,,351000.0,,635000.0,,1026000.0,,1544000.0,,2204000.0,,2910000.0,,3399000.0,,3567000.0,,3596000.0,,3600000.0,,3600000.0,,3600000.0,,3600000.0,,3600000.0,,3600000.0,,3600000.0,,3600000.0,,3600000.0,,3600000.0,,3600000.0,,3600000.0,0.0,,http://www.windenergie-im-binnenland.de,21.11.13 11:43
118,SÜDWIND N 3127,270000,,,,,,,,,,,,,,,,,,,,,,,,,,,,,,,,,,,,,,,,,,,,,,,,,,,,,,k.A.,21.11.13 11:43
119,SÜDWIND S 31,250000,,,,,,,,,,,,,,,,,,,,,,,,,,,,,,,,,,,,,,,,,,,,,,,,,,,,,,k.A.,21.11.13 11:43
120,SÜDWIND S 46,600000,0.0,,0.0,,0.0,,4000.0,,17000.0,,44000.0,,87000.0,,145000.0,,227000.0,,327000.0,,454000.0,,590000.0,,600000.0,,600000.0,,600000.0,,600000.0,,600000.0,,600000.0,,600000.0,,600000.0,,600000.0,,600000.0,,600000.0,,600000.0,,600000.0,,600000.0,0.0,,k.A.,21.11.13 11:43
121,SUZLON S 52 600,600000,0.0,0.0,0.0,0.0,0.0,0.0,0.0,0.0,1000.0,17500.0,34000.0,65000.0,96000.0,134500.0,173000.0,221000.0,269000.0,320500.0,372000.0,421500.0,471000.0,508500.0,546000.0,565000.0,584000.0,592000.0,600000.0,600000.0,600000.0,600000.0,600000.0,600000.0,600000.0,600000.0,600000.0,600000.0,600000.0,600000.0,600000.0,600000.0,600000.0,600000.0,600000.0,600000.0,600000.0,600000.0,600000.0,600000.0,600000.0,600000.0,600000.0,0.0,,https://sam.nrel.gov/content/component-databases,21.11.13 11:43
122,SUZLON S 64 1250,1250000,0.0,0.0,0.0,0.0,0.0,0.0,0.0,8750.0,35000.0,62000.0,89000.0,118500.0,148000.0,211500.0,275000.0,360500.0,446000.0,533500.0,621000.0,716000.0,811000.0,900500.0,990000.0,1058500.0,1127000.0,1162500.0,1198000.0,1224000.0,1250000.0,1250000.0,1250000.0,1250000.0,1250000.0,1250000.0,1250000.0,1250000.0,1250000.0,1250000.0,1250000.0,1250000.0,1250000.0,1250000.0,1250000.0,1250000.0,1250000.0,1250000.0,1250000.0,1250000.0,1250000.0,1250000.0,1250000.0,0.0,,https://sam.nrel.gov/content/component-databases,21.11.13 11:43
123,SUZLON S 64 950,950000,0.0,0.0,0.0,0.0,0.0,0.0,16000.0,26500.0,37000.0,68500.0,100000.0,140500.0,181000.0,234000.0,287000.0,369500.0,452000.0,548500.0,645000.0,753000.0,861000.0,905500.0,950000.0,950000.0,950000.0,950000.0,950000.0,950000.0,950000.0,950000.0,950000.0,950000.0,950000.0,950000.0,950000.0,950000.0,950000.0,950000.0,950000.0,950000.0,950000.0,950000.0,950000.0,950000.0,950000.0,950000.0,950000.0,950000.0,950000.0,950000.0,950000.0,0.0,,https://sam.nrel.gov/content/component-databases,21.11.13 11:43
124,SUZLON S 82 1500,1500000,0.0,0.0,0.0,0.0,0.0,0.0,0.0,0.0,1000.0,50000.0,99000.0,181000.0,263000.0,364500.0,466000.0,587500.0,709000.0,841500.0,974000.0,1096500.0,1219000.0,1300500.0,1382000.0,1410000.0,1438000.0,1455500.0,1473000.0,1486500.0,1500000.0,1500000.0,1500000.0,1500000.0,1500000.0,1500000.0,1500000.0,1500000.0,1500000.0,1500000.0,1500000.0,1500000.0,1500000.0,,0.0,,0.0,,0.0,,0.0,,0.0,,,https://sam.nrel.gov/content/component-databases,21.11.13 11:43
125,SUZLON S 88,2100000,0.0,0.0,0.0,0.0,0.0,0.0,0.0,0.0,14000.0,76000.0,138000.0,225000.0,312000.0,429000.0,546000.0,693000.0,840000.0,1010000.0,1180000.0,1357500.0,1535000.0,1695500.0,1856000.0,1946500.0,2037000.0,2062500.0,2088000.0,2094000.0,2100000.0,2100000.0,2100000.0,2100000.0,2100000.0,2100000.0,2100000.0,2100000.0,2100000.0,2100000.0,2100000.0,2100000.0,2100000.0,2100000.0,2100000.0,2100000.0,2100000.0,2100000.0,2100000.0,2100000.0,2100000.0,2100000.0,2100000.0,0.0,,https://sam.nrel.gov/content/component-databases,21.11.13 11:43
126,TACKE T 600 48,600000,0.0,0.0,0.0,0.0,0.0,0.0,0.0,0.0,22500.0,35250.0,48000.0,67100.0,86200.0,112150.0,138100.0,173950.0,209800.0,247900.0,286000.0,326700.0,367400.0,408500.0,449600.0,487350.0,525100.0,544700.0,564300.0,581900.0,599500.0,604400.0,609300.0,612750.0,616200.0,613250.0,610300.0,605400.0,600500.0,595100.0,589700.0,595600.0,601500.0,0.0,0.0,0.0,0.0,0.0,0.0,0.0,0.0,0.0,0.0,,,https://sam.nrel.gov/content/component-databases,21.11.13 11:43
127,TACKE TW 600,600000,,,,,,,,,,,,,,,,,,,,,,,,,,,,,,,,,,,,,,,,,,,,,,,,,,,,,,k.A.,21.11.13 11:43
128,TACKE TW 600E,600000,0.0,0.0,0.0,0.0,0.0,0.0,12800.0,16460.0,23780.0,38410.0,56710.0,75000.0,100600.0,137200.0,173780.0,210370.0,246950.0,312800.0,367680.0,411580.0,462800.0,499390.0,532320.0,557930.0,579880.0,600000.0,605490.0,609150.0,612800.0,612800.0,616460.0,616460.0,616460.0,616460.0,620120.0,623780.0,623780.0,623780.0,623780.0,623780.0,623780.0,623780.0,627440.0,627440.0,627440.0,627440.0,627440.0,627440.0,627440.0,627440.0,627440.0,0.0,,https://sam.nrel.gov/content/component-databases,21.11.13 11:43
129,VENSYS 100,2500000,0.0,,0.0,,0.0,,47200.0,81900.0,125400.0,180200.0,250100.0,334500.0,437400.0,557200.0,696400.0,853700.0,1034800.0,1236400.0,1449300.0,1675800.0,1904100.0,2116800.0,2285500.0,2389000.0,2472100.0,2492000.0,2499400.0,,2500000.0,,2500000.0,,2500000.0,,2500000.0,,2500000.0,,2500000.0,,2500000.0,,2500000.0,,2500000.0,,2500000.0,,2500000.0,,2500000.0,0.0,,http://www.windenergie-im-binnenland.de,21.11.13 11:43
130,VENSYS 109,2500000,0.0,,0.0,,0.0,,54700.0,97400.0,151200.0,216500.0,298100.0,398600.0,518200.00000000006,659300.0,821700.0,1009300.0,1222800.0,1461500.0,1720100.0,1966100.0,2193000.0,2357700.0,2448700.0,2485500.0,2494200.0,2500000.0,2500000.0,2500000.0,2500000.0,2500000.0,2500000.0,2500000.0,2500000.0,2500000.0,2500000.0,2500000.0,2500000.0,2500000.0,2500000.0,2500000.0,2500000.0,2500000.0,2500000.0,2500000.0,2500000.0,2500000.0,2500000.0,2500000.0,2500000.0,2500000.0,2500000.0,0.0,,http://www.windenergie-im-binnenland.de,21.11.13 11:43
131,VENSYS 112,2500000,0.0,,0.0,,0.0,,47400.0,93600.0,154200.0,228000.0,315900.0,421200.0,548500.0,697300.0,871100.0,1068000.0,1290100.0,1538400.0,1808800.0,2071699.9999999998,2269500.0,2412600.0,2465100.0,2497900.0,2500000.0,2500000.0,2500000.0,2500000.0,2500000.0,2500000.0,2500000.0,2500000.0,2500000.0,2500000.0,2500000.0,2500000.0,2500000.0,2500000.0,2500000.0,2500000.0,2500000.0,2500000.0,2500000.0,2500000.0,2500000.0,2500000.0,2500000.0,2500000.0,2500000.0,2500000.0,2500000.0,0.0,,http://www.windenergie-im-binnenland.de,21.11.13 11:43
132,VENSYS 77,1500000,0.0,,0.0,,0.0,,18300.0,41400.0,70800.0,105600.0,147700.0,199300.0,262700.0,334500.0,420300.0,519600.0,633700.0,758400.0,892500.0,1032300.0,1161500.0,1287600.0,1372700.0,1440000.0,1468300.0,1491800.0,1495600.0,1500000.0,1500000.0,1500000.0,1500000.0,1500000.0,1500000.0,1500000.0,1500000.0,1500000.0,1500000.0,1500000.0,1500000.0,1500000.0,1500000.0,1500000.0,1500000.0,1500000.0,1500000.0,1500000.0,1500000.0,1500000.0,1500000.0,1500000.0,1500000.0,0.0,,k.A.,21.11.13 11:43
133,VENSYS 82,1500000,0.0,,0.0,,0.0,,25900.0,52400.0,85800.0,125700.0,175100.0,236200.0,311000.0,396100.0,496800.0,614400.0,746800.0,889700.0,1040599.9999999999,1185000.0,1309400.0,1402700.0,1461600.0,1483900.0,1491200.0,1500000.0,1500000.0,1500000.0,1500000.0,1500000.0,1500000.0,1500000.0,1500000.0,1500000.0,1500000.0,1500000.0,1500000.0,1500000.0,1500000.0,1500000.0,1500000.0,1500000.0,1500000.0,1500000.0,1500000.0,,0.0,,0.0,,0.0,,,http://www.windenergie-im-binnenland.de,21.11.13 11:43
134,VESTAS NM 52 900,900000,0.0,0.0,0.0,0.0,0.0,0.0,0.0,16020.0,36190.0,58350.0,80530.0,104710.0,136920.0,173150.0,213390.0,257660.00000000003,301910.0,350190.0,400470.0,464810.0,533170.0,591490.0,645790.0,694070.0,740330.0,778560.0,814800.0,840990.0,865170.0,881320.0,895450.0,901560.0,901650.0,895710.0,883740.0,871780.0,861810.0,851850.0,841910.0,833960.0,828020.0,822080.0,812120.0,806180.0,800240.0,796310.0,792380.0,788450.0,784510.0,782580.0,780650.0,0.0,,https://sam.nrel.gov/content/component-databases,21.11.13 11:43
135,VESTAS V 100 1800,1800000,0.0,0.0,0.0,0.0,0.0,0.0,0.0,0.0,119310.0,181120.0,266950.0,359660.0,469530.0,600000.0,747640.0,919310.0,1110000.0,1290000.0,1460000.0,1620000.0,1730000.0,1770000.0,1790000.0,1800000.0,1800000.0,1800000.0,1800000.0,1800000.0,1800000.0,1800000.0,1800000.0,1800000.0,1800000.0,1800000.0,1800000.0,1800000.0,1800000.0,1800000.0,1800000.0,1800000.0,1800000.0,1800000.0,1800000.0,1800000.0,1800000.0,1800000.0,1800000.0,1800000.0,1800000.0,1800000.0,1800000.0,0.0,,https://sam.nrel.gov/content/component-databases,21.11.13 11:43
136,VESTAS V 112 3000,3000000,0.0,0.0,0.0,0.0,0.0,0.0,72120.0,106730.0,170190.0,245190.0,337500.0,441350.0,568270.0,729810.0,925960.0,1170000.0,1420000.0,1680000.0,1960000.0,2270000.0,2560000.0,2810000.0,2930000.0,2980000.0,3000000.0,3000000.0,3000000.0,3000000.0,3000000.0,3000000.0,3000000.0,3000000.0,3000000.0,3000000.0,3000000.0,3000000.0,3000000.0,3000000.0,3000000.0,3000000.0,3000000.0,3000000.0,3000000.0,3000000.0,3000000.0,3000000.0,3000000.0,3000000.0,3000000.0,3000000.0,3000000.0,0.0,,https://sam.nrel.gov/content/component-databases,21.11.13 11:43
137,VESTAS V 117 3300,3300000,0.0,,0.0,,0.0,,29000.0,81000.0,146000.0,226000.0,327000.0,452000.0,600000.0,775000.0,981000.0,1216000.0,1483000.0,1780000.0,2103000.0,2437000.0,2753000.0,2999000.0,3159000.0,3241000.0,3276000.0,3290000.0,3297000.0,3300000.0,3300000.0,3300000.0,3300000.0,3300000.0,3300000.0,3300000.0,3300000.0,3300000.0,3300000.0,3300000.0,3300000.0,3300000.0,3300000.0,3300000.0,3300000.0,3300000.0,3300000.0,3300000.0,3300000.0,3300000.0,3300000.0,3300000.0,3300000.0,0.0,,http://www.windenergie-im-binnenland.de,21.11.13 11:43
138,VESTAS V 126 3300,3300000,0.0,,0.0,,0.0,,36000.0,99000.0,177000.0,274000.0,393000.0,537000.0,712000.0,919000.0,1161000.0,1436000.0,1747000.0,2082000.0,2421000.0,2741000.0,3011000.0,3185000.0,3267000.0,3293000.0,3298000.0,3300000.0,3300000.0,3300000.0,3300000.0,3300000.0,3300000.0,3300000.0,3300000.0,3300000.0,3300000.0,3300000.0,3300000.0,3300000.0,3300000.0,3300000.0,3300000.0,3300000.0,3300000.0,3300000.0,3300000.0,3300000.0,0.0,,0.0,,0.0,,,http://www.windenergie-im-binnenland.de,21.11.13 11:43
139,VESTAS V 29,225000,0.0,,0.0,,0.0,,0.0,,7100.0,,20500.0,,38300.0,,61900.0,,92200.0,,128000.0,,165000.0,,196000.0,,216000.0,,223000.0,,225000.0,,225000.0,,225000.0,,225000.0,,225000.0,,225000.0,,225000.0,,225000.0,,225000.0,,225000.0,,225000.0,,225000.0,0.0,,http://www.inl.gov/wind/software/,21.11.13 11:43
140,VESTAS V 39 500,500000,0.0,,0.0,,0.0,,0.0,,0.0,,18000.0,,60000.0,,105000.0,,163000.0,,232000.0,,305000.0,,375000.0,,440000.0,,478000.0,,493000.0,,498500.0,,499700.0,,500000.0,,500000.0,,500000.0,,500000.0,,500000.0,,500000.0,,500000.0,,500000.0,,500000.0,0.0,,http://www.inl.gov/wind/software/,21.11.13 11:43
141,VESTAS V 42 600,600000,0.0,0.0,0.0,0.0,0.0,0.0,0.0,0.0,0.0,0.0,21500.0,43350.0,65200.0,92600.0,120000.0,154000.0,188000.0,228000.0,268000.0,312000.0,356000.0,398000.0,440000.0,475000.0,510000.0,533000.0,556000.0,569000.0,582000.0,588000.0,594000.0,596000.0,598000.0,599000.0,600000.0,600000.0,600000.0,600000.0,600000.0,600000.0,600000.0,600000.0,600000.0,600000.0,600000.0,600000.0,600000.0,600000.0,600000.0,600000.0,600000.0,0.0,,https://sam.nrel.gov/content/component-databases,21.11.13 11:43
142,VESTAS V 44 600,600000,0.0,0.0,0.0,0.0,0.0,0.0,0.0,0.0,0.0,0.0,30400.0,53850.0,77300.0,106150.0,135000.0,170500.0,206000.0,246500.0,287000.0,329000.0,371000.0,410500.0,450000.0,482000.0,514000.0,536000.0,558000.0,570000.0,582000.0,588000.0,594000.0,596000.0,598000.0,599000.0,600000.0,600000.0,600000.0,600000.0,600000.0,600000.0,600000.0,,0.0,,0.0,,0.0,,0.0,,0.0,,,https://sam.nrel.gov/content/component-databases,21.11.13 11:43
143,VESTAS V 47 660,660000,0.0,0.0,0.0,0.0,0.0,,0.0,,5300.0,,44900.0,,95400.0,,161000.0,,242000.0,,334000.0,,426000.0,,511000.0,,577000.0,,620000.0,,644000.0,,654000.0,,658000.0,,660000.0,,660000.0,,660000.0,,660000.0,,660000.0,,660000.0,,660000.0,,660000.0,,660000.0,0.0,,k.A.,21.11.13 11:43
144,VESTAS V 52 850,850000,0.0,0.0,0.0,0.0,0.0,0.0,0.0,0.0,9110.0,22480.0,37990.0,59600.0,81180.0,105830.0,130430.0,170190.0,206960.0,252770.0,301660.0,344450.0,396330.0,454310.0,515280.0,567190.0,609980.0,652770.0,698630.0,741410.0,778180.0,802790.0,818300.0,836880.0,850000.0,850000.0,850000.0,850000.0,850000.0,850000.0,850000.0,850000.0,850000.0,850000.0,850000.0,850000.0,850000.0,850000.0,850000.0,850000.0,850000.0,0.0,0.0,,,https://sam.nrel.gov/content/component-databases,21.11.13 11:43
145,VESTAS V 66 1650,1650000,0.0,0.0,0.0,0.0,0.0,0.0,0.0,0.0,7500.0,37150.0,66800.0,105400.0,144000.0,196700.0,249400.0,318800.0,388200.0,474000.0,559800.0,653800.0,747800.0,840800.0,933800.0,1020700.0,1107600.0,1188100.0,1268600.0,1341300.0,1414000.0,1471800.0,1529600.0,1566000.0,1602400.0,1619200.0,1636000.0,1641000.0,1646000.0,1648000.0,1650000.0,1650000.0,1650000.0,1650000.0,1650000.0,1650000.0,1650000.0,1650000.0,1650000.0,1650000.0,1650000.0,1650000.0,1650000.0,0.0,,https://sam.nrel.gov/content/component-databases,21.11.13 11:43
146,VESTAS V 66 1750,1750000,0.0,,0.0,,0.0,,0.0,,33300.0,,93900.0,,178000.0,,294000.0,,452000.0,,655000.0,,900000.0,,1167000.0,,1418000.0,,1603000.0,,1702000.0,,1739000.0,,1748000.0,,1750000.0,,1750000.0,,1750000.0,,1750000.0,,1750000.0,,1750000.0,,1750000.0,,1750000.0,,1750000.0,0.0,,k.A.,21.11.13 11:43
147,VESTAS V 80 1800,1800000,0.0,0.0,0.0,0.0,0.0,0.0,0.0,0.0,3000.0,51000.0,99000.0,179500.0,260000.0,362500.0,465000.0,600000.0,735000.0,875000.0,1015000.0,1180000.0,1345000.0,1492000.0,1639000.0,1707000.0,1775000.0,1786000.0,1797000.0,1799500.0,1802000.0,1802000.0,1802000.0,1802000.0,1802000.0,1802000.0,1802000.0,1802000.0,1802000.0,1802000.0,1802000.0,1802000.0,1802000.0,1802000.0,1802000.0,1802000.0,1802000.0,1802000.0,1802000.0,1801000.0,1800000.0,1800000.0,1800000.0,0.0,,https://sam.nrel.gov/content/component-databases,21.11.13 11:43
148,VESTAS V 80 2000,2000000,0.0,0.0,0.0,0.0,0.0,0.0,0.0,0.0,58850.0,72480.0,106710.0,154670.0,223260.0,309030.0,411980.0,525240.0,645370.0,768940.0,899380.0,1030000.0,1170000.0,1300000.0,1420000.0,1550000.0,1660000.0,1750000.0,1830000.0,1890000.0,1930000.0,1950000.0,1970000.0,1985000.0,2000000.0,2000000.0,2000000.0,2000000.0,2000000.0,2000000.0,2000000.0,2000000.0,2000000.0,2000000.0,2000000.0,2000000.0,2000000.0,2000000.0,2000000.0,2000000.0,2000000.0,2000000.0,2000000.0,0.0,,https://sam.nrel.gov/content/component-databases,21.11.13 11:43
149,VESTAS V 82 1500,1500000,0.0,,0.0,,0.0,,0.0,,69000.0,,173000.0,,307000.0,,510000.0,,752000.0,,1001000.0,,1262000.0,,1433000.0,,1490000.0,,1500000.0,,1500000.0,,1500000.0,,1500000.0,,1500000.0,,1500000.0,,0.0,,0.0,,0.0,,0.0,,0.0,,0.0,,0.0,,,k.A.,21.11.13 11:43
150,VESTAS V 82 1650,1650000,0.0,0.0,0.0,0.0,0.0,0.0,0.0,18920.0,73810.0,147790.0,237300.0,338470.0,451290.0,567990.0,680810.0,797510.0,921970.0,1040000.0,1160000.0,1260000.0,1360000.0,1440000.0,1500000.0,1550000.0,1580000.0,1610000.0,1630000.0,1650000.0,1650000.0,1650000.0,1650000.0,1650000.0,1650000.0,1650000.0,1650000.0,1650000.0,1650000.0,1650000.0,1650000.0,1650000.0,1650000.0,,0.0,,0.0,,0.0,,0.0,,0.0,,,https://sam.nrel.gov/content/component-databases,21.11.13 11:43
151,VESTAS V 90 1800,1800000,0.0,0.0,0.0,0.0,0.0,0.0,0.0,18560.0,52210.0,96880.0,157990.0,241120.0,335200.0,423780.0,556370.0,683410.0,832430.0,992490.0,1140000.0,1310000.0,1480000.0,1640000.0,1750000.0,1790000.0,1800000.0,1800000.0,1800000.0,1800000.0,1800000.0,1800000.0,1800000.0,1800000.0,1800000.0,1800000.0,1800000.0,1800000.0,1800000.0,1800000.0,1800000.0,1800000.0,1800000.0,1800000.0,1800000.0,1800000.0,1800000.0,1800000.0,1800000.0,1800000.0,1800000.0,1800000.0,1800000.0,0.0,,https://sam.nrel.gov/content/component-databases,21.11.13 11:43
152,VESTAS V 90 2000,2000000,0.0,0.0,0.0,0.0,0.0,4595.0,13785.0,29560.0,57700.0,102370.0,157990.0,241120.0,329710.0,429280.0,556370.0,677920.0,826940.0,997990.0,1190000.0,1350000.0,1560000.0,1730000.0,1860000.0,1950000.0,1970000.0,1990000.0,2000000.0,2000000.0,2000000.0,2000000.0,2000000.0,2000000.0,2000000.0,2000000.0,2000000.0,2000000.0,2000000.0,2000000.0,2000000.0,2000000.0,2000000.0,2000000.0,2000000.0,2000000.0,2000000.0,2000000.0,2000000.0,2000000.0,2000000.0,2000000.0,2000000.0,0.0,,https://sam.nrel.gov/content/component-databases,21.11.13 11:43
153,VESTAS V 90 3000,3000000,0.0,0.0,0.0,0.0,0.0,0.0,0.0,26442.5,88141.7,129410.0,182530.0,247120.0,317480.0,422540.0,515980.0,644030.0,795170.0,992550.0,1200000.0,1380000.0,1560000.0,1750000.0,1950000.0,2140000.0,2340000.0,2540000.0,2730000.0,2850000.0,2910000.0,2970000.0,3000000.0,3000000.0,3000000.0,3000000.0,3000000.0,3000000.0,3000000.0,3000000.0,3000000.0,3000000.0,3000000.0,3000000.0,3000000.0,3000000.0,3000000.0,3000000.0,3000000.0,3000000.0,3000000.0,3000000.0,3000000.0,0.0,,https://sam.nrel.gov/content/component-databases,21.11.13 11:43
154,WINDWORLD W 42 500,500000,,,,,,,,,,,,,,,,,,,,,,,,,,,,,,,,,,,,,,,,,,,,,,,,,,,,,,k.A.,21.11.13 11:43
155,WINDWORLD W 52 750,750000,,,,,,,,,,,,,,,,,,,,,,,,,,,,,,,,,,,,,,,,,,,,,,,,,,,,,,k.A.,21.11.13 11:43
156,WTN WTN 200,200000,,,,,,,,,,,,,,,,,,,,,,,,,,,,,,,,,,,,,,,,,,,,,,,,,,,,,,k.A.,21.11.13 11:43
157,ZOND Z 40 550,550000,0.0,0.0,0.0,0.0,0.0,0.0,0.0,0.0,1670.0,10580.0,26720.0,37430.0,55380.0,82350.0,111140.0,136310.0,165100.0,192080.0,224480.0,258690.0,291090.0,341560.0,384810.0,404560.0,442380.0,478390.0,503560.0,537770.0,550000.0,550000.0,550000.0,550000.0,550000.0,550000.0,550000.0,550000.0,550000.0,550000.0,550000.0,550000.0,550000.0,550000.0,550000.0,550000.0,550000.0,550000.0,550000.0,550000.0,550000.0,550000.0,550000.0,0.0,,https://sam.nrel.gov/content/component-databases,21.11.13 11:43
158,ZOND Z 50 750,750000,0.0,0.0,0.0,0.0,0.0,0.0,0.0,0.0,8290.0,28000.0,53390.0,78830.0,116110.0,147340.0,190160.0,244810.0,293410.0,353580.0,419810.0,480010.0,540000.0,600630.0,666850.0,721250.0,746690.0,750000.0,750000.0,750000.0,750000.0,750000.0,750000.0,750000.0,750000.0,750000.0,750000.0,750000.0,750000.0,750000.0,750000.0,750000.0,750000.0,750000.0,750000.0,750000.0,750000.0,750000.0,750000.0,750000.0,750000.0,750000.0,750000.0,0.0,,https://sam.nrel.gov/content/component-databases,21.11.13 11:43
